key,key:userAccount,supervisor,expertise-fields,resume,more-info
assistant-01,user-account-assistant-01,Paco,"Software Engineer, Tester",I am very good at my job,
assistant-02,user-account-assistant-02,María,Human Resources Assistant,I work better with other people,https://www.amazon.es/
assistant-03,user-account-assistant-03,P,"Software Engineer, Tester",I am very good at my job,
assistant-04,user-account-assistant-04,Pa,"Software Engineer, Tester",I am very good at my job,
assistant-05,user-account-assistant-05,One morningg when Gregor Samsa woke from troubled dreamss he found himself.,"Software Engineer, Tester",I am very good at my job,
assistant-06,user-account-assistant-06,One morningg when Gregor Samsa woke from troubled dreamss he found himself,"Software Engineer, Tester",I am very good at my job,
assistant-07,user-account-assistant-07,<script>alert("Hi!")</script>,"Software Engineer, Tester",I am very good at my job,
assistant-08,user-account-assistant-08,你好,"Software Engineer, Tester",I am very good at my job,
assistant-09,user-account-assistant-09,Paco,P,I am very good at my job,
assistant-10,user-account-assistant-10,Paco,Pa,I am very good at my job,
assistant-11,user-account-assistant-11,Paco,One morningg when Gregor Samsa woke from troubled dreamss he found himself transformed in his bed in,I am very good at my job,
assistant-12,user-account-assistant-12,Paco,One morningg when Gregor Samsa woke from troubled dreamss he found himself transformed in his bed i,I am very good at my job,
assistant-13,user-account-assistant-13,Paco,<script>alert("Hi!")</script>,I am very good at my job,
assistant-14,user-account-assistant-14,Paco,你好,I am very good at my job,
assistant-15,user-account-assistant-15,Paco,"Software Engineer, Tester",P,
assistant-16,user-account-assistant-16,Paco,"Software Engineer, Tester",Pa,
assistant-17,user-account-assistant-17,Paco,"Software Engineer, Tester",One morningg when Gregor Samsa woke from troubled dreamss he found himself transformed in his bed in,
assistant-18,user-account-assistant-18,Paco,"Software Engineer, Tester",One morningg when Gregor Samsa woke from troubled dreamss he found himself transformed in his bed i,
assistant-19,user-account-assistant-19,Paco,"Software Engineer, Tester",<script>alert("Hi!")</script>,
assistant-20,user-account-assistant-20,Paco,"Software Engineer, Tester",你好,
assistant-21,user-account-assistant-21,Paco,"Software Engineer, Tester",I am very good at my job,https://www.amazon.es/
assistant-22,user-account-assistant-22,Paco,"Software Engineer, Tester",I am very good at my job,https://es.wikipedia.org/wiki/Wikipedia:Portada